Titel,Datum,Plaats van publicatie,Publicatie,Publicatietype,Lengte,Sectie,Lengte.1,Landen,Auteur,Agg-copyright,Cite,Bedrijf,Titel.1,Hlead,Publicatie.1,Publicatietype.1,Pub-copyright,Weergeven,Termen,Ticker,Hyperlink,Source,Publicatie_unique,YearMonth,Article_ID
6.000 voetbalvelden: zie je het voor je?,2022-06-29,International,De Volkskrant.nl,News,470,,470,"Netherlands, Kingdom of the",Rogier Goetze,,,,6.000 voetbalvelden: zie je het voor je?,"6.000 voetbalvelden: zie je het voor je? Volkskrantlezers vinden veel. En misschien wel het meest vinden ze iets van ons taalgebruik. Terecht? Als het om zwembaden en voetbalvelden gaat wel. ‘Op de middelbare school is ons het SI-eenhedenstelsel geleerd’, schrijft Chris Wijenberg, ‘maar in de krant duiken af en toe andere eenheden op: zwembaden i.p.v. m3, voetbalvelden i.p.v. m2 of ha, usb-sticks i.p.v. Tbyte.’ Voor het taalloket net iets buiten de comfortabele zone, maar we snappen het probleem. Vooral die voetbalvelden kom je vaak tegen. Omdat lezers misschien geen goed beeld hebben bij een hectare, hebben journalisten soms de neiging zo’n eenheid te vervangen door iets ‘zichtbaars’. Het probleem is alleen: een, twee of desnoods vijf voetbalvelden kun je nog wel voor je zien, maar ‘een bos van 6.000 voetbalvelden’? ‘Ik kan me daar totaal niets bij voorstellen’, schreef Peter Wijnveen vorig jaar al. ‘Als niet-voetballiefhebber weet ik wel dat een voetbalveld bij grove benadering een halve hectare is. Pas dáár kan ik wat mee.’ Als lezers weer terug moeten rekenen van voetbalvelden naar hectaren, werkt het hulpje niet.",De Volkskrant.nl,Web Publicatie,,,,,https://advance.lexis.com/api/document?collection=news&id=urn:contentItem:65TB-CTR1-JBHV-K0KD-00000-00&context=1519360&sourcegroupingtype=G,Volkskrant 2022-2024 1-200.XLSX,Volkskrant,2022-06,3255
VVD en CDA hechten nu toch aan deskundigenverklaring bij verandering geslacht in paspoort,2022-09-28,International,de Volkskrant,News,626,Ten Eerste;Blz. 2,626,"Netherlands, Kingdom of the",REMCO MEIJER,,,,VVD en CDA hechten nu toch aan deskundigenverklaring bij verandering geslacht in paspoort,"VVD en CDA hechten nu toch aan deskundigenverklaring bij verandering geslacht in paspoort VVD en CDA hebben stevige bedenkingen bij versoepeling van de Transgenderwet, waarover de Tweede Kamer deze week debatteert. De aarzelingen van de coalitiepartijen gelden vooral het schrappen van een deskundigenverklaring bij geslachtsverandering in de geboorteakte. 'Wij zijn niet overtuigd dat dit voorstel een verbetering is van de huidige wet', zei CDA-Kamerlid Raymond Knops dinsdag. Ook VVD-Kamerlid Ulysse Ellian liet weten 'geen eindoordeel' te kunnen vellen. 'Het is een belangrijk en gevoelig onderwerp, waarbij wij nog een groot aantal vragen hebben.' Daarmee is het hoogst onzeker of het wetsvoorstel het haalt. Eerder al lieten PVV, JA21, ChristenUnie, SGP, groep-Van Haga en BBB weten tegen de vorig jaar mei door de toenmalige bewindslieden Sander Dekker (Rechtsbescherming, VVD) en Ingrid van Engelshoven (Emancipatie, D66) ingediende wijziging van de Transgenderwet uit 2014 te zijn.",de Volkskrant,Krant,,,,,https://advance.lexis.com/api/document?collection=news&id=urn:contentItem:66GK-T4V1-DYRY-X1F5-00000-00&context=1519360&sourcegroupingtype=G,Volkskrant 2022-2024 1-200.XLSX,Volkskrant,2022-09,3311
Review | Hogwarts legacy: wat zou J.K. Rowling vinden van transgender tovenaar?,2023-02-09,International,De Telegraaf.nl,News,484,DFT; NIEUWS; FRONTPAGE; DFT,484,"Netherlands, Kingdom of the",Rox van der Helm & Ralph Beentjes (xgn.nl),,,,Review | Hogwarts legacy: wat zou J.K. Rowling vinden van transgender tovenaar?,"Review | Hogwarts legacy: wat zou J.K. Rowling vinden van transgender tovenaar? Accio! Flipendo! Wie kent de beroemde toverspreuken niet uit het Harry Potter-universum? In het gloednieuwe game Hogwarts legacy, dat vanaf deze week uit is op PlayStation 5, Xbox Series X en pc, ben jij een tovenaarsleerling aan Zweinstein die een spannend verhaal beleeft in een wereld vol magie en mythische wezens. Het is alweer twaalf jaar geleden dat er een Harry Potter-game uitkwam en fans keken dan ook reikhalzend uit naar een nieuw avontuur.",De Telegraaf.nl,Web Publicatie,,,,,https://advance.lexis.com/api/document?collection=news&id=urn:contentItem:67HB-33K1-DY4K-S02C-00000-00&context=1519360&sourcegroupingtype=G,Telegraaf 2022-2024 hele sample.XLSX,Telegraaf,2023-02,1363
Marathon van Boston komt met categorie voor non-binaire personen,2022-09-13,International,De Telegraaf.nl,News,166,TELESPORT; FRONTPAGE,166,"Netherlands, Kingdom of the",,,,,Marathon van Boston komt met categorie voor non-binaire personen,Marathon van Boston komt met categorie voor non-binaire personen Atleten die in 2023 deelnemen aan de marathon van Boston hebben de mogelijkheid om zich te registreren als non-binaire personen. Dat meldt de Boston Athletic Association .,De Telegraaf.nl,Web Publicatie,,,,,https://advance.lexis.com/api/document?collection=news&id=urn:contentItem:66CH-JM71-JBNJ-228G-00000-00&context=1519360&sourcegroupingtype=G,Telegraaf 2022-2024 hele sample.XLSX,Telegraaf,2022-09,1317
Atletiekfederatie: ‘Maximumwaarde testosteron transgenders in vrouwenwedstrijden moet omlaag’t,2023-01-24,International,AD/Algemeen Dagblad.nl,News,347,,347,"Netherlands, Kingdom of the",Sportredactie,,,,Atletiekfederatie: ‘Maximumwaarde testosteron transgenders in vrouwenwedstrijden moet omlaag’t,Atletiekfederatie: ‘Maximumwaarde testosteron transgenders in vrouwenwedstrijden moet omlaag’t De mondiale atletiekbond wil de regels voor deelname van transgenders in vrouwenwedstrijden aanscherpen. Het voorstel is om de maximumwaarde van testosteron nog verder omlaag te brengen. Atleten moeten bovendien twee jaar in plaats van één jaar voldoen aan die lagere waarde om bij de vrouwen te mogen blijven meedoen. Verder is World Athletics van plan de testosteronlimiet uit te breiden naar alle onderdelen en niet alleen op de loopafstanden van 400 meter tot en met de Engelse mijl.,AD/Algemeen Dagblad.nl,Web Publicatie,,,,,https://advance.lexis.com/api/document?collection=news&id=urn:contentItem:67CX-NHW1-DY0X-950Y-00000-00&context=1519360&sourcegroupingtype=G,AD 2022-2023 hele sample.XLSX,Algemeen Dagblad,2023-01,223
Klacht tegen non-binaire keeper Jays om meespelen bij vrouwen WV-HEDW,2024-04-08,International,AD/Algemeen Dagblad.nl,News,1006,,1006,"Netherlands, Kingdom of the",Jesper Roele,,,,Klacht tegen non-binaire keeper Jays om meespelen bij vrouwen WV-HEDW,"Klacht tegen non-binaire keeper Jays om meespelen bij vrouwen WV-HEDW Het vrouwenelftal van Alcmaria Victrix heeft een klacht ingediend bij de KNVB, omdat bij tegenstander WV-HEDW uit Amsterdam-Oost een non-binaire keeper op doel stond. Keeper Jays werd voor drie wedstrijden geschorst. WV-HEDW wil duidelijkheid van de KNVB. Keeper Jays is als vrouw geboren, maar ging op jonge leeftijd in transitie omdat die zich geen vrouw voelde. In het paspoort van Jays kwam uiteindelijk te staan dat die man is. Kort voetbalde Jays ook in mannenteams, maar daar voelde de keeper zich niet op diens gemak. Sinds enkele jaren voetbalt Jays daarom bij de vrouwen van Wilhelmina Vooruit-Hortus Eendracht Doet Winnen (WV-HEDW) en identificeert zich als non-binair.",AD/Algemeen Dagblad.nl,Web Publicatie,,,,,https://advance.lexis.com/api/document?collection=news&id=urn:contentItem:6BRR-KN21-DY0X-93CP-00000-00&context=1519360&sourcegroupingtype=G,AD 2024 hele sample.XLSX,Algemeen Dagblad,2024-04,2169
Gio voelde zich als dakloze lhbti+’er niet veilig op straat: ‘Aparte daklozenopvang is noodzakelijk’,2023-09-23,International,AD/Algemeen Dagblad.nl,News,1257,,1257,"Netherlands, Kingdom of the",Zoë van Leeuwen,,,,Gio voelde zich als dakloze lhbti+’er niet veilig op straat: ‘Aparte daklozenopvang is noodzakelijk’,Gio voelde zich als dakloze lhbti+’er niet veilig op straat: ‘Aparte daklozenopvang is noodzakelijk’ Gio van der Loos pleit voor een aparte opvang voor dak- en thuisloze lhbti+’ers. Deze gemeenschap moet in bescherming worden genomen.’’ Als geen ander weet hij hoe het is om zich bedreigd te voelen in een omgeving die juist is bedoeld als veilige haven. Gio was 20 jaar toen hij met zijn hele inboedel op straat kwam te staan. Door een eetstoornis en een verslaving kwam hij terecht in een safehouse. De eetstoornis werd alleen maar erger en ook ging het mentaal in een rap tempo bergafwaarts.,AD/Algemeen Dagblad.nl,Web Publicatie,,,,,https://advance.lexis.com/api/document?collection=news&id=urn:contentItem:697F-R6B1-DY0X-90XN-00000-00&context=1519360&sourcegroupingtype=G,AD 2022-2023 hele sample.XLSX,Algemeen Dagblad,2023-09,365
"De 'antigenderbeweging' klinkt steeds luider en steeds feller Lhbti-rechten Antigenderbeweging groeit niet, maar is wel steeds zichtbaarder",2023-06-12,International,NRC,News,2247,VOORPAGINA;Blz. 1,2247,"Netherlands, Kingdom of the",Mandula van den Berg Menno Sedee Foto's Hedayatullah Amid,,,,"De 'antigenderbeweging' klinkt steeds luider en steeds feller Lhbti-rechten Antigenderbeweging groeit niet, maar is wel steeds zichtbaarder","De 'antigenderbeweging' klinkt steeds luider en steeds feller Lhbti-rechten Antigenderbeweging groeit niet, maar is wel steeds zichtbaarder ABSTRACT Reportage Antigender in Nederland Een allegaartje van extreemrechts, ultraconservatieve christenen en rechtse homoseksuelen verzet zich luidruchtig tegen de genderbeweging, die het beschouwt als ,,een vorm van destructivisme"". Half april, Rotterdam. Terwijl lopers van de marathon luidkeels worden aangemoedigd, klinkt een paar straten verderop voor theater LantarenVenster om heel andere redenen geschreeuw. ,,Nederland wees paraat, hou de pedo's van de straat!"", scandeert de ene kant van de straat naar de andere kant. Die is met meer, en roept terug: ,,Nazi's go home!"" Er klinkt tromgeroffel en iemand steekt een groene rookbom af. De aanleiding: twee dragqueens zullen die dag voorlezen aan kinderen. De organisator van het protest valt nauwelijks op tussen de schreeuwende groepen. Lennard van Mil is de voorzitter van Stichting De Roze Leeuw, een homobelangenorganisatie die zich verzet tegen 'genderideologie'. De voorleesmiddagen zijn al jaren een manier om jonge kinderen kennis te laten maken met diversiteit en genderidentiteit. Maar de conservatieve homo-organisatie - die naar eigen zeggen twintig vrijwilligers en honderden donateurs heeft, maar met maar drie man aanwezig is op het protest - sprak zich op Twitter uit tegen de actie, die kinderen zou seksualiseren: ,,Ons land is ziek, ernstig ziek"", stond in een van de vele posts. ,,Kom op Nederland, zelfs de homo's springen nu op de barricades!""",NRC,Krant,,,,,https://advance.lexis.com/api/document?collection=news&id=urn:contentItem:68FG-K2V1-F03R-S005-00000-00&context=1519360&sourcegroupingtype=G,NRC 2022-2024 hele sample.XLSX,NRC,2023-06,1905
Hollywoodster Elliot Page bedankt fans voor positieve reacties op coming-out,2020-12-20,International,De Telegraaf.nl,News,140,ENTERTAINMENT; ENTERTAINMENT/GOSSIP,140,"Netherlands, Kingdom of the",,,,,Hollywoodster Elliot Page bedankt fans voor positieve reacties op coming-out,"Hollywoodster Elliot Page bedankt fans voor positieve reacties op coming-out Elliot Page heeft voor het eerst sinds hij bekendmaakte transgender te zijn van zich laten horen op sociale media. De 33-jarige acteur, die bekend is van de bekroonde film Juno, plaatste een selfie en bedankte zijn fans voor alle positieve reacties op zijn coming-out.",De Telegraaf.nl,Web Publicatie,,,,,https://advance.lexis.com/api/document?collection=news&id=urn:contentItem:61JV-J361-DY4K-S005-00000-00&context=1519360&sourcegroupingtype=G,Telegraaf 2019-2021 hele sample.XLSX,Telegraaf,2020-12,2672
Juist extreemrechts wil groot deel van bevolking cancellen',2021-05-27,International,NRC Handelsblad,News,578,CULTUREEL SUPPLEMENT;Blz. 8,578,"Netherlands, Kingdom of the",Jonas Staal,,,,Juist extreemrechts wil groot deel van bevolking cancellen',"Juist extreemrechts wil groot deel van bevolking cancellen' ABSTRACT reactie activisme Kunstenaar Jonas Staal reageert op de special Kunst & activisme van 20 mei. ,,De taak van kunst is alternatieve democratische modellen te verbeelden en te propageren."" In het artikel Kan kunst de wereld redden? (CS, C14-15, 20 mei 2021) van Paul Steenhuis wordt gesteld dat ik als kunstenaar deel ben van een beweging postmoderne activisten die zich als doel zou stellen de ,,liberale democratie dood [te] knuppelen.""",NRC Handelsblad,Krant,,,,,https://advance.lexis.com/api/document?collection=news&id=urn:contentItem:62SG-24C1-JCMP-2513-00000-00&context=1519360&sourcegroupingtype=G,NRC 2019-2021 hele sample.XLSX,NRC,2021-05,2990
"De desinformatie van stemmingmakers vertegenwoordigt geen cultuur, behalve die van de misleiding",2023-03-26,International,De Volkskrant.nl,News,630,,630,"Netherlands, Kingdom of the",Michael Persson,,,,"De desinformatie van stemmingmakers vertegenwoordigt geen cultuur, behalve die van de misleiding","De desinformatie van stemmingmakers vertegenwoordigt geen cultuur, behalve die van de misleiding Van regenboogpiet tot transgenders en de Week van de Lentekriebels: weer wist een groepje radicaal-rechtse stemmingmakers van een niet-bestaande mug een olifant te maken. Daarbij zoeken ze hun toevlucht steeds tot spookbeelden. De Week van de Lentekriebels is voorbij, maar het vieze gekrabbel eraan blijft nog wel even voelbaar. Opnieuw wist een groepje radicaal-rechtse stemmingmakers van een niet-bestaande mug een olifant te maken. Het zal niet de laatste keer zijn: het gemorrel aan liberale waarden en verworvenheden is onderdeel van een ‘cultuurstrijd’ die steeds hardere trekken vertoont.",De Volkskrant.nl,Web Publicatie,,,,,https://advance.lexis.com/api/document?collection=news&id=urn:contentItem:67VY-PNB1-JBHV-K2PN-00000-00&context=1519360&sourcegroupingtype=G,Volkskrant 2022-2024 201-500.XLSX,Volkskrant,2023-03,2311
Loiza Lamers stelt theatertournee uit,2023-09-27,International,AD/Algemeen Dagblad.nl,News,248,,248,"Netherlands, Kingdom of the",Showredactie,,,,Loiza Lamers stelt theatertournee uit,Loiza Lamers stelt theatertournee uit Loiza Lamers heeft haar theatertournee uitgesteld naar volgend jaar. Het model heeft meer tijd nodig om het ‘helemaal perfect maken zoals ik het voor ogen heb’ schrijft ze in haar Instagram Stories.,AD/Algemeen Dagblad.nl,Web Publicatie,,,,,https://advance.lexis.com/api/document?collection=news&id=urn:contentItem:698C-5HD1-JBHV-K1DM-00000-00&context=1519360&sourcegroupingtype=G,AD 2022-2023 hele sample.XLSX,Algemeen Dagblad,2023-09,367
Regenboogvlag in Alblasserdam : ‘Dat had ik een half jaar geleden niet durven hopen’,2020-10-12,International,AD/Algemeen Dagblad.nl,News,318,,318,"Netherlands, Kingdom of the",Albert Sok,,,,Regenboogvlag in Alblasserdam : ‘Dat had ik een half jaar geleden niet durven hopen’,"Regenboogvlag in Alblasserdam : ‘Dat had ik een half jaar geleden niet durven hopen’ Ook in Alblasserdam wapperde maandag de regenboogvlag, waarmee wordt stilgestaan bij de positie van lesbische, homoseksuele, biseksuele, transseksuele en interseksuele personen (lhbti) in de samenleving. Dat is eigenlijk een dag te laat, omdat het banier eigenlijk gehesen hoort te worden op coming out day. Dat is jaarlijks op 11 oktober, maar omdat die datum op een zondag viel, is voor de dag erna gekozen. ,,Het was heel bijzonder en mooi’’, zegt Dennis Messemaker, homoseksueel uit Alblasserdam . ,,Dit hadden we een half jaar geleden niet durven hopen.’’ Niet in goede aarde Dat het toch zover kwam, is te danken aan D66. Die partij diende onlangs een motie in in de gemeenteraad, die met een meerderheid werd aangenomen. Dat viel niet bij iedereen in goede aarde, want de SGP besloot daarop uit de lhbti-werkgroep te stappen. De vlag heeft voor christenen een andere betekenis, namelijk dat de aarde nooit meer door een watervloed zal vergaan.",AD/Algemeen Dagblad.nl,Web Publicatie,,,,,https://advance.lexis.com/api/document?collection=news&id=urn:contentItem:6124-5XR1-DY0X-9056-00000-00&context=1519360&sourcegroupingtype=G,AD 2019-2021 hele sample.XLSX,Algemeen Dagblad,2020-10,646
Transgender Objectief verschil,2022-04-29,International,NRC,News,237,OPINIE;Blz. 17,237,"Netherlands, Kingdom of the",Hanneke Kouwenberg,,,,Transgender Objectief verschil,"Transgender Objectief verschil Aiken van Waveren (Biologisch feit, 27/4) stelt dat transgenders objectief verschillen van cis-mensen. Er zijn inderdaad verschillen gevonden in de hersengebieden die te maken hebben met zelfperceptie, een bevinding die niet staaft dat er sprake is van 'een vrouw in een mannenlichaam' (of omgekeerd), maar eerder doet afvragen hoe dit zich verhoudt tot de Body Dismorphic Disorder. Vóór hormonale behandeling hebben de hersenen van transgenders de karakteristieken van mensen met hetzelfde aangeboren geslacht. Als er hersenverschillen zouden zijn, zou de genderidentiteit met een MRI zijn vast te stellen. De deskundigenverklaring was dan allang afgeschaft, net als de ,,hoepels"" waar transgenders ,,door moeten springen"". Dat is evident niet het geval. Slechts drie deskundigen zijn in het rapport over de evaluatie van de genderwet geraadpleegd, en zij waren niet zeker of de duurzaamheid van de overtuiging 'van het andere geslacht zijn' vastgesteld kon worden. Ze stelden niet dat de verklaring 'onzinnig' zou zijn. Daarentegen geldt maatschappelijk: als deze laatste, wankele toets wegvalt, betreden we een troebele pseudowerkelijkheid, waarin de biologische feitelijkheid van geslacht is afgeschaft. Op drijfzand valt echter geen samenleving of rechtsstaat te bouwen. Brenda Dirkse (Laten we in het debat over genderidentiteit bij de feiten blijven, 25/4) heeft gewoon gelijk.",NRC,Krant,,,,,https://advance.lexis.com/api/document?collection=news&id=urn:contentItem:65B8-GVD1-F03R-S1DV-00000-00&context=1519360&sourcegroupingtype=G,NRC 2022-2024 hele sample.XLSX,NRC,2022-04,1664
Roos de Vries: ‘Het probleem is dat er zo veel normen en waarden hangen aan de concepten ‘man’ en ‘vrouw’’,2019-10-15,International,De Volkskrant.nl,News,869,,869,"Netherlands, Kingdom of the",Lisa Koetsenruijter,,,,Roos de Vries: ‘Het probleem is dat er zo veel normen en waarden hangen aan de concepten ‘man’ en ‘vrouw’’,"Roos de Vries: ‘Het probleem is dat er zo veel normen en waarden hangen aan de concepten ‘man’ en ‘vrouw’’ Roos is non-binair en leidt ons door de nieuwe gendertentoonstelling in het Tropenmuseum:  de wereld van die en they Het staat in koeieletters op het T-shirt van Roos de Vries (24): ‘Non binary’, non-binair. Roos mag dan geboren en opgevoed zijn als meisje, die voelt zich vrouw noch man. En wenst daarom niet met ‘hij’ of ‘zij', maar met ‘die’ aangesproken te worden. ‘Al vrij jong wist ik dat ik geen meisje was. Dus dan moest ik wel een jongen zijn, toch? Maar zo voelde ik me ook niet. Het heeft tot mijn 22ste geduurd voordat ik het woord vond dat bij mijn identiteit paste.’ ‘In het Engels is ‘they’ gangbaar als aanspreekvorm voor non-binaire mensen. In Nederland hebben we sinds een paar jaar ‘hen’. Zelf vind ik ‘die’ het prettigst. Ik zeg altijd tegen mensen die het moeilijk vinden: je kunt ook gewoon vaak mijn naam gebruiken.’ Sinds vrijdag is in het Tropenmuseum de tentoonstelling What a Genderful World te zien. Die toont hoe de ideeën over mannelijkheid, vrouwelijkheid en alles daartussenin door de tijd en over de wereld verschillen.",De Volkskrant.nl,Web Publicatie,,,,,https://advance.lexis.com/api/document?collection=news&id=urn:contentItem:5X8P-YFM1-DY0X-922S-00000-00&context=1519360&sourcegroupingtype=G,Volkskrant 2019-2021 hele sample.XLSX,Volkskrant,2019-10,956
’Trans sporter voer voor discussie’ Oude discussie nieuw leven ingeblazen,2021-06-21,International,De Telegraaf.nl,News,1107,BINNENLAND; FRONTPAGE,1107,"Netherlands, Kingdom of the",Marouscha van de Groep en Willem Held,,,,’Trans sporter voer voor discussie’ Oude discussie nieuw leven ingeblazen,"’Trans sporter voer voor discussie’ Oude discussie nieuw leven ingeblazen Ze zijn al vaker opgedoken in de topsport, maar nu in Tokio hoogstwaarschijnlijk een transgender mee gaat doen aan gewichtheffen voor vrouwen, zal de discussie weer oplaaien. Is het wel eerlijk als voormalige mannen mee mogen doen bij de vrouwen? Volgens het Internationaal Olympisch Comité ( IOC ) moet die vraag met ’ja’ worden beantwoord. Niet voor niets veranderde het IOC in 2016 de regel voor transgenders die aan de Olympische Spelen mee willen doen. Vrouwen die eerder man waren, moeten minstens een jaar voor de Spelen een lagere testosteronwaarde in hun bloed hebben dan 10 nanomol per liter. De 43-jarige Nieuw-Zeelandse Laurel Hubbard voldoet aan die eis en mag dus meedoen in Tokio. Overigens mogen transgenders die als meisje zijn geboren zonder aanvullende eisen bij de mannen meedoen.",De Telegraaf.nl,Web Publicatie,,,,,https://advance.lexis.com/api/document?collection=news&id=urn:contentItem:62YW-3F71-DY4K-S405-00000-00&context=1519360&sourcegroupingtype=G,Telegraaf 2019-2021 hele sample.XLSX,Telegraaf,2021-06,2725
Je voelt meteen die reflex',2024-03-19,International,AD/Algemeen Dagblad,News,633,Sportwereld;Blz. 8,633,"Netherlands, Kingdom of the",TIM HARTMAN,,,,Je voelt meteen die reflex',"Je voelt meteen die reflex' Noa-Lynn van Leuven (27) stond vorig jaar als eerste transvrouw op het professionele dartscircuit vol in de spotlights. Afgelopen weekend was dat weer zo, door haar zege op een Challenge Tour-toernooi met mannen én vrouwen. Een storm aan reacties volgde. Ook negatieve. Noa-Lynn van Leuven ontkomt als transvrouw niet aan de negatieve reacties ,,Bizar hoeveel reacties ik heb gehad'', zegt een trotse Noa-Lynn van Leuven als ze praat over afgelopen weekend in het Duitse Hildesheim. Daar, in Halle 39, debuteerde ze op de PDC Challenge Tour en pakte ze meteen de titel. ,,Andere darters, oud-darters zoals Darryl Fitton en Chris Mason, zelfs compleet random mensen: de berichten bleven komen. Op een gegeven moment heb ik mijn telefoon maar weggelegd'', vertelt ze.",AD/Algemeen Dagblad,Krant,,,,,https://advance.lexis.com/api/document?collection=news&id=urn:contentItem:6BKD-D341-DYRY-X0M3-00000-00&context=1519360&sourcegroupingtype=G,AD 2024 hele sample.XLSX,Algemeen Dagblad,2024-03,2145
Twee Iraanse vrouwen ter dood veroordeeld voor het opkomen voor rechten van lhbti’ers,2022-09-07,International,De Volkskrant.nl,News,688,,688,"Netherlands, Kingdom of the",Rob Vreeken,,,,Twee Iraanse vrouwen ter dood veroordeeld voor het opkomen voor rechten van lhbti’ers,"Twee Iraanse vrouwen ter dood veroordeeld voor het opkomen voor rechten van lhbti’ers Twee vrouwen in Iran hebben de doodstraf opgelegd gekregen wegens het pleiten voor de rechten van lhbti’ers. Het is voor het eerst dat lhbti-activisme in Iran zo hard wordt aangepakt. Het in New York gevestigde Center for Human Rights in Iran (CHRI), dat dit nieuws naar buiten bracht, roept de internationale gemeenschap op het vonnis te veroordelen en de onmiddellijke vrijlating van het tweetal te eisen.",De Volkskrant.nl,Web Publicatie,,,,,https://advance.lexis.com/api/document?collection=news&id=urn:contentItem:66B9-B721-DY0X-94K5-00000-00&context=1519360&sourcegroupingtype=G,Volkskrant 2022-2024 1-200.XLSX,Volkskrant,2022-09,3290
Volkskrant Avond: Waarom moet ABN Amro particuliere klanten onderzoeken? | Trump uitgejouwd bij bezoek aan Dayton,2019-08-07,International,De Volkskrant.nl,News,887,,887,"Netherlands, Kingdom of the",Redactie,,,,Volkskrant Avond: Waarom moet ABN Amro particuliere klanten onderzoeken? | Trump uitgejouwd bij bezoek aan Dayton,"Volkskrant Avond: Waarom moet ABN Amro particuliere klanten onderzoeken? | Trump uitgejouwd bij bezoek aan Dayton Vandaag belangrijk Waarom moet ABN Amro haar particuliere klanten onderzoeken? En wat dient er precies onderzocht te worden?Wat doet een klant precies met zijn betaalrekening? Waar komt het geld vandaan? Waarom neemt iemand vaak grote bedragen contant op? ABN Amro moet van de toezichthouder De Nederlandsche Bank ( DNB ) al haar ruim 5 miljoen particuliere klanten onderzoeken, om te voorkomen dat ze hun betaalrekeningen bijvoorbeeld misbruiken voor het witwassen van crimineel geld.",De Volkskrant.nl,Web Publicatie,,,,,https://advance.lexis.com/api/document?collection=news&id=urn:contentItem:5WS0-TFX1-DY0X-92SF-00000-00&context=1519360&sourcegroupingtype=G,Volkskrant 2019-2021 hele sample.XLSX,Volkskrant,2019-08,936
strenge voorwaarden Trans vrouwen toegelaten tot internationale triatlonwedstrijden,2022-08-05,International,NRC,News,131,IN HET NIEUWS;Blz. 2,131,"Netherlands, Kingdom of the",,,,,strenge voorwaarden Trans vrouwen toegelaten tot internationale triatlonwedstrijden,"strenge voorwaarden Trans vrouwen toegelaten tot internationale triatlonwedstrijden Transgender vrouwen mogen vanaf volgende maand deelnemen aan de vrouwencompetitie bij internationale triatlonwedstrijden. Wel moeten zij voldoen aan strenge voorwaarden. Dat maakte de internationale triatlonbond, World Triathlon, woensdag bekend via hun website. Het beleid is alleen van toepassing bij internationale wedstrijden. De beslissing staat in contrast met het beleid van de internationale zwem- en rugbybonden, die trans vrouwen niet toelaten tot de vrouwencompetities. Onder de strikte eisen valt onder andere dat de triatleet ten minste vier jaar niet als man mag hebben deelgenomen aan een sportcompetitie. Om als trans vrouw toestemming te krijgen om deel te nemen aan internationale wedstrijden, moet de atleet verder twee jaar de testosteronwaardes verlagen. Link naar PDF",NRC,Krant,,,,,https://advance.lexis.com/api/document?collection=news&id=urn:contentItem:6635-MYM1-JCMP-22TB-00000-00&context=1519360&sourcegroupingtype=G,NRC 2022-2024 hele sample.XLSX,NRC,2022-08,1725
De Volkskrant tv-selectie voor maandag 1 augustus,2022-07-31,International,De Volkskrant.nl,News,742,,742,"Netherlands, Kingdom of the","Berend Jan Bockting, Jorrit van Broekhoven",,,,De Volkskrant tv-selectie voor maandag 1 augustus,"De Volkskrant tv-selectie voor maandag 1 augustus Elke dag tipt de redactie van de Volkskrant de beste programma’s en films op televisie. Dit zijn die van maandag. Kiss Me Kate BBC 2, 15.45 uur (Musical, George Sidney, 1953) Kleurrijke verfilming van de gelijknamige theatermusical uit 1948 en dat is te zien: Kiss Me Kate is één langgerekte ode aan de zang- en danskunst. Het verhaaltje over twee voormalige geliefden, gespeeld door Kathryn Grayson en Howard Keel, die zich op het podium tijdens een uitvoering van Shakespeares Het temmen van de feeks mogen uitleven in échte emoties, is ondergeschikt aan de vloeiende danschoreografie en de lekkere liedjes van Cole Porter. Gefilmd in 3D, dus er wordt voortdurend van alles richting de camera gesmeten, zoals dat toen ging.",De Volkskrant.nl,Web Publicatie,,,,,https://advance.lexis.com/api/document?collection=news&id=urn:contentItem:6627-7291-DY0X-9511-00000-00&context=1519360&sourcegroupingtype=G,Volkskrant 2022-2024 1-200.XLSX,Volkskrant,2022-07,3273
Transman in game heeftander trauma,2020-09-10,International,NRC Handelsblad,News,640,DE GIDS;Blz. 20,640,"Netherlands, Kingdom of the",Len Maessen,,,,Transman in game heeftander trauma,"Transman in game heeftander trauma Het is geen topless-scène, geen dramatische coming-out flashback en zeker niet een oud familielid dat de verkeerde naam roept: dat Tyler Ronan transgender is, leren we als hij het boek Gezonde masculiniteit voor transgender mannen op zijn bureau oppakt. Een klein statement van de Franse gamemaker Dontnod: zó kun je ook met transgender personages omgaan. De game Tell Me Why draait om de assertieve, zoekende Tyler en zijn tobberige, afwachtende zus Alyson, die tien jaar geleden nipt een familiedrama wisten te voorkomen door hun eigen moordzuchtige moeder te doden. Tyler werd naar jeugddetentie gestuurd; Alyson bleef alleen achter in het afgelegen bergdorp in Alaska waar ze opgroeiden. Nu keert de tweeling terug naar hun ouderlijk huis om een traumatisch hoofdstuk in hun leven af te sluiten.",NRC Handelsblad,Krant,,,,,https://advance.lexis.com/api/document?collection=news&id=urn:contentItem:60T7-KNS1-DYMH-R0NV-00000-00&context=1519360&sourcegroupingtype=G,NRC 2019-2021 hele sample.XLSX,NRC,2020-09,2909
‘Anti-Trump-porno’ pest dochter en schoonzoon van de president,2020-10-25,International,AD/Algemeen Dagblad.nl,News,848,,848,"Netherlands, Kingdom of the",Bob van Huet,,,,‘Anti-Trump-porno’ pest dochter en schoonzoon van de president,"‘Anti-Trump-porno’ pest dochter en schoonzoon van de president De hardste en meest spraakmakende anti-Trump-boodschappen komen niet van de Democraten maar van het Lincoln Project, een groep vastberaden Republikeinen die hun partij ‘terug wil’ en het ‘ongeleide projectiel’ Trump uit het Witte Huis wenst.",AD/Algemeen Dagblad.nl,Web Publicatie,,,,,https://advance.lexis.com/api/document?collection=news&id=urn:contentItem:614V-BY21-DY0X-90GF-00000-00&context=1519360&sourcegroupingtype=G,AD 2019-2021 hele sample.XLSX,Algemeen Dagblad,2020-10,649
Het jaar waarin de media inclusief werden,2019-12-21,International,de Volkskrant,News,544,Zaterdag;Blz. 13,544,"Netherlands, Kingdom of the",LISA BOUYEURE,,,,Het jaar waarin de media inclusief werden,"Het jaar waarin de media inclusief werden De 10-jarige Fenna was de moeilijkste niet. Geïnspireerd door haar eigen gezinssituatie, met twee vaders en twee moeders, had ze dit jaar bij de Donald Duck geopperd dat er misschien ook eens wat homo's en lesbiennes in voor moeten komen. Fenna had een stapeltje strips aan inspectie onderworpen en geconcludeerd dat alle eenden, honden en muizen in Duckstad hetero zijn. Op de vraag van het Jeugdjournaal, of bekende figuren als Katrien en Goofy dan ineens homoseksueel zouden moeten worden, antwoordde ze beslist: 'Nee, dat is niet nodig. Alleen de poppetjes op de achtergrond.'",de Volkskrant,Krant,,,,,https://advance.lexis.com/api/document?collection=news&id=urn:contentItem:5XSW-H4S1-DYRY-X1F5-00000-00&context=1519360&sourcegroupingtype=G,Volkskrant 2019-2021 hele sample.XLSX,Volkskrant,2019-12,976
Biden trekt transgenderverbod leger in,2021-01-25,International,NRC.nl,News,151,,151,"Netherlands, Kingdom of the",Boris van der Spek,,,,Biden trekt transgenderverbod leger in,"Biden trekt transgenderverbod leger in President Biden heeft nog in zijn eerste week als president een belangrijke campagnebelofte ingelost. Op maandag maakte het Witte Huis bekend dat het verbod op transgenders in de Amerikaanse strijdkrachten, een erfenis van oud-president Donald Trump, is ingetrokken. „De kracht van de Verenigde Staten wordt gevonden in haar diversiteit”, schrijft het Witte Huis. Een inclusieve strijdmacht is volgens de regering effectiever en „van nationaal belang”.",NRC.nl,Web Publication,,,,,https://advance.lexis.com/api/document?collection=news&id=urn:contentItem:61VH-B771-DY4K-82PT-00000-00&context=1519360&sourcegroupingtype=G,NRC 2019-2021 hele sample.XLSX,NRC,2021-01,2944
"Vanaf de eerste minuut is Dick Schoof de controle kwijt. ‘Tjongejongejongejonge’, zegt hij",2024-09-19,International,NRC.nl,News,1354,,1354,"Netherlands, Kingdom of the","Lamyae Aharouay, Petra de Koning",,,,"Vanaf de eerste minuut is Dick Schoof de controle kwijt. ‘Tjongejongejongejonge’, zegt hij","Vanaf de eerste minuut is Dick Schoof de controle kwijt. ‘Tjongejongejongejonge’, zegt hij Voor de ogen van premier Schoof ontstaat chaos, donderdag op dag twee van de Algemene Politieke Beschouwingen. Weer brengt gedoe tussen coalitiepartijen hem in de problemen. De eerste keer dat premierin de Tweede Kamer stond, net voor de zomer, ontspoorde het debat voor zijn ogen, zonder dat hij er iets aan kon veranderen. Dus er hangt nogal wat vanaf voor hem, donderdag op de tweede dag van de Algemene Politieke Beschouwingen (APB): Schoof moet laten zien dat hij de baas is van dit kabinet, dat hij zich niet van zijn stuk laat brengen en niet wéér door hoepeltjes springt die politieke leiders voor hem omhoog houden. Maar al vanaf de eerste minuut, hij heeft nog niets kunnen zeggen, is Schoof de controle kwijt. Voor zijn ogen ontstaat chaos. Schoof, partijloos premier, zegt al wekenlang dat hij niets te maken heeft met de moeizame omgang van de partijleiders van PVV, VVD, NSC en BBB, híj gaat over het kabinet. En toch is gedoe tussen die vier in de Tweede Kamer opnieuw de reden dat hij erbij staat alsof alles hem overkomt.",NRC.nl,Web Publication,,,,,https://advance.lexis.com/api/document?collection=news&id=urn:contentItem:6D0S-39N1-DY4K-82NT-00000-00&context=1519360&sourcegroupingtype=G,NRC 2022-2024 hele sample.XLSX,NRC,2024-09,2090
Conflict rond 'Tukkertje Sterre' escaleert,2024-07-16,International,AD/Algemeen Dagblad.nl,News,626,,626,"Netherlands, Kingdom of the","Gerben Kuitert, Wim Goorhuis",,,,Conflict rond 'Tukkertje Sterre' escaleert,"Conflict rond 'Tukkertje Sterre' escaleert Zorgverlener Ambulante Zorg Twekkelerveld heeft extra veiligheidsmaatregelen genomen bij een instelling voor beschermd wonen in Hengelo. In het pand wonen mensen met een verstandelijke beperking en andere psychische problematiek. De extra bewaking houdt rechtstreeks verband met de bedreiging van 'Tukkertje Sterre', één van de bewoners.",AD/Algemeen Dagblad.nl,Web Publicatie,,,,,https://advance.lexis.com/api/document?collection=news&id=urn:contentItem:6CGW-SM91-DY0X-94J1-00000-00&context=1519360&sourcegroupingtype=G,AD 2024 hele sample.XLSX,Algemeen Dagblad,2024-07,2223
Transgender vrouw op bierblikje leidt tot boycot en pistoolsalvo's voor Bud Light,2023-06-16,International,de Volkskrant,News,510,Ten Eerste;Blz. 5,510,"Netherlands, Kingdom of the",JONATHAN WITTEMAN,,,,Transgender vrouw op bierblikje leidt tot boycot en pistoolsalvo's voor Bud Light,Transgender vrouw op bierblikje leidt tot boycot en pistoolsalvo's voor Bud Light Bommeldingen in brouwerijen. Standrechtelijke executies van treetjes bier. Bedreigingen van chauffeurs met het Bud Light-logo op hun vrachtwagens. Sinds in 1773 een stel als Mohawk-indianen uitgedoste revolutionairen 342 kratten Britse thee in de haven van Boston mieterden - de zogeheten 'Boston Tea Party' - heeft een dorstlesser vermoedelijk niet meer tot zoveel beroering geleid onder de Amerikanen als Bud Light.,de Volkskrant,Krant,,,,,https://advance.lexis.com/api/document?collection=news&id=urn:contentItem:68G8-6501-DYRY-X06D-00000-00&context=1519360&sourcegroupingtype=G,Volkskrant 2022-2024 201-500.XLSX,Volkskrant,2023-06,2342
Het lichaam is maar een lichaam,2022-09-17,International,de Volkskrant,News,1028,"Boeken en Wetenschap;Blz. 12, 13",1028,"Netherlands, Kingdom of the",ALEID TRUIJENS,,,,Het lichaam is maar een lichaam,"Het lichaam is maar een lichaam In een geslaagde bloemlezing wordt opnieuw duidelijk hoe eigenzinnig Andreas Burnier was: als feminist, als activist, als schrijver. Recensie Andreas Burnier In Een tevreden lach, de debuutroman van Andreas Burnier (1931-2002) staat een ontroerende passage over een pubermeisje dat een jongen wil zijn. Ze koopt een bruin pak, wit overhemd, een pijp en een toneelbril. Met die uitdossing, het haar kortgeknipt, denkt ze voor een jongen te kunnen doorgaan. Als dat lukt, is ze bevrijd uit het meisjeslichaam dat haar leven zo beperkt. Ze stapt een biljartcafé binnen en bestelt met schorre stem bier. De mannen in het café lachen haar uit en ontmaskeren haar als een meisje. De vernedering is groot. Alle hoop is vervlogen.",de Volkskrant,Krant,,,,,https://advance.lexis.com/api/document?collection=news&id=urn:contentItem:66D8-44W1-JC8X-6050-00000-00&context=1519360&sourcegroupingtype=G,Volkskrant 2022-2024 1-200.XLSX,Volkskrant,2022-09,3294
Dartsters willen geen trans vrouw als teamgenoot en stappen uit Nederlands team,2024-03-26,International,de Volkskrant,News,493,Ten Eerste;Blz. 2,493,"Netherlands, Kingdom of the",DYLAN VAN BEKKUM,,,,Dartsters willen geen trans vrouw als teamgenoot en stappen uit Nederlands team,"Dartsters willen geen trans vrouw als teamgenoot en stappen uit Nederlands team Twee dartsters zijn uit het Nederlandse vrouwenteam gestapt, omdat ze 'zich schamen' dat ze met Noa-Lynn van Leuven een team moesten delen. Van Leuven is trans vrouw en een rijzende ster in het vrouwendarten.",de Volkskrant,Krant,,,,,https://advance.lexis.com/api/document?collection=news&id=urn:contentItem:6BMX-3T61-JC8X-6021-00000-00&context=1519360&sourcegroupingtype=G,Volkskrant 2022-2024 201-500.XLSX,Volkskrant,2024-03,2479
Homo is nog steeds het meest gebruikte scheldwoord',2019-01-26,International,NRC,News,1547,WEEKEND;Blz. 30,1547,"Netherlands, Kingdom of the",Danielle Pinedo foto Merlijn Doomernik,,,,Homo is nog steeds het meest gebruikte scheldwoord',"Homo is nog steeds het meest gebruikte scheldwoord' ABSTRACT Interview Astrid Oosenbrug COC-voorzitter De Nashville-verklaring is een ,,afschuwelijk document"", zegt COC-voorzitter Astrid Oosenbrug. Maar het heeft de relatie tussen COC en kerken wel verbeterd. Een paar weken geleden ontmoette Astrid Oosenbrug een oudere homoseksuele man. Hij vertelde dat hij op zijn zeventigste uit de kast was gekomen. Waarom zo laat, wilde zij weten. De man, een christen, had zich door zijn geloof laten weerhouden. Pas nu hij weg was bij zijn vrouw, kon hij zichzelf 'homofiel' noemen. Dat soort verhalen inspireerde oud-PvdA- Kamerlid Oosenbrug om eind vorig jaar voorzitter te worden van het  COC, 's werelds oudste nog bestaande homobelangenorganisatie (in 1946 opgericht, ledental zevenduizend). Het zijn, zegt ze, verhalen van mensen die liefde mislopen omdat ze niet zichzelf durven te zijn. Mensen die sterven met het gevoel dat hun leven niet af is. ,,Dat vind ik zó zonde"", zegt Oosenbrug. Zelf belandde ze op haar vierde in een weeshuis. Daarna ging ze van tehuis naar pleeggezin. ,,Ik was vijftien toen ik op mezelf ging wonen. Een aantal  mensen uit die tijd heeft de hand aan zichzelf geslagen. Ze waren niet tot zelfacceptatie in staat. Dat wil ik anderen besparen.""",NRC.NEXT,Krant,,,,,https://advance.lexis.com/api/document?collection=news&id=urn:contentItem:5V8R-K4Y1-JC5G-11XF-00000-00&context=1519360&sourcegroupingtype=G,NRC 2019-2021 hele sample.XLSX,NRC,2019-01,2815
De verdwijnende maagden van Albanië Om de dag een cijfer,2023-11-08,International,NRC,News,1040,FILM;Blz. 8,1040,"Netherlands, Kingdom of the",Pieter van Os,,,,De verdwijnende maagden van Albanië Om de dag een cijfer,"De verdwijnende maagden van Albanië Om de dag een cijfer ABSTRACT Achtergrond Het gewoonterecht in de bergen van Albanië brengt vrouwen weinig goeds. Op één mogelijkheid na: man worden. Vlak voor haar dood ging een groep Nederlandse reizigers in gesprek met Lali, een van de laatste 'gezworen maagden'. Iedereen noemde haar 'Lali'. Dat is het best te vertalen als 'gozer', of 'gast', al komt het Engelse 'dude' nog dichter bij het Albanees. Vanaf haar zeventiende ging Lali door het leven als man. Dus beter haar hem te noemen, hoewel Lali nooit hormonen heeft geslikt of een geslachtsaanpassende operatie heeft ondergaan. Sterker, Lali was fel gekant tegen die mogelijkheid. De verschillen tussen mannen en vrouwen zijn in Albanië tamelijk geprononceerd, in uiterlijk en gedrag. En Lali oogde een man, in manier van lopen en in woord- en kledingkeuze, altijd met een das om de nek en een baret op het hoofd. De gast rookte onafgebroken en dronk raki met mannen in bars, ongehoord voor een Albanese vrouw.",NRC,Krant,,,,,https://advance.lexis.com/api/document?collection=news&id=urn:contentItem:69K8-D7H1-JCMP-215X-00000-00&context=1519360&sourcegroupingtype=G,NRC 2022-2024 hele sample.XLSX,NRC,2023-11,1955
"Diskwalificatie Klein 'juist besluit , gedrag was onacceptabel'",2024-05-23,International,AD/Algemeen Dagblad,News,295,Landelijk;Blz. 6,295,"Netherlands, Kingdom of the",,,,,"Diskwalificatie Klein 'juist besluit , gedrag was onacceptabel'","Diskwalificatie Klein 'juist besluit , gedrag was onacceptabel' Het internationale bestuur van het Eurovisie Songfestival steunt de beslissing om Joost Klein te diskwalificeren. Dat zegt Bakel Walden, voorzitter van de zogenoemde Reference Group, tegen songfestivalwebsite Eurovoix. Deze groep bestaat uit delegatiehoofden, uitvoerend producenten van eerdere edities en songfestivalbaas Martin Österdahl. Het is hun taak het evenement zonder problemen over te dragen aan de volgende organisator. De Eurovision Broadcasting Union (EBU), de organisatie achter het songfestival, zat niet te wachten op de rel rond Joost Klein, die namens Nederland aan het festival deelnam. Er waren immers al spanningen door de omstreden deelname van Israël. Daardoor kwam de boel voor en achter de schermen behoorlijk op scherp te staan. ,,U kunt me geloven dat we graag een nieuwe crisis hadden vermeden'', zegt Walden. ,,We hebben het intensief besproken. De beslissing was de juiste: er was onacceptabel gedrag tegenover iemand van de productie. Als er meer dan duizend mensen veilig samen willen werken, dan moeten er niet alleen duidelijke gedragsregels zijn, maar moeten die ook vooral consequent worden toegepast'', zegt Walden. ,,En dat is wat de verantwoordelijke leden van de EBU hebben gedaan.'' De EBU diskwalificeerde de Nederlandse zanger na een incident achter de schermen. Klein zou een cameravrouw hebben bedreigd. Volgens zijn advocaat heeft hij de camera weggeduwd, maar zich niet schuldig gemaakt aan bedreiging.",AD/Algemeen Dagblad,Krant,,,,,https://advance.lexis.com/api/document?collection=news&id=urn:contentItem:6C38-BJ91-JC8X-63TV-00000-00&context=1519360&sourcegroupingtype=G,AD 2024 hele sample.XLSX,Algemeen Dagblad,2024-05,2201
Voor een extreemgeluid heeft de gulle gever best wat over,2024-03-23,International,de Volkskrant,News,4236,"Zaterdag;Blz. 12, 13, 14, 15",4236,"Netherlands, Kingdom of the",ROBERT VAN DE GRIEND,,,,Voor een extreemgeluid heeft de gulle gever best wat over,"Voor een extreemgeluid heeft de gulle gever best wat over Donatieplatform Backme is in korte tijd een verzamelplaats geworden voor sympathisanten van (radicaal-)rechts en verspreiders van desinformatie. Gebruikers wordt inhoudelijk amper iets in de weg gelegd. Backme Toen Raisa Blommestijn twee maanden geleden met slaande deuren vertrok als presentator bij omroep Ongehoord Nederland, naar eigen zeggen omdat ze van haar werkgever een socialemediaverbod had opgelegd gekregen, hoefden haar fans niet lang te wanhopen. In een bericht op X liet Blommestijn, die in korte tijd een aanzienlijke schare bewonderaars had weten te vergaren met onder meer het verspreiden van complottheorieën en het gebruik van het n-woord in het programma Ongehoord nieuws, direct weten dat ze weigerde haar 'ziel' te verkopen en zou volharden in haar 'strijd voor het vrije woord'.",de Volkskrant,Krant,,,,,https://advance.lexis.com/api/document?collection=news&id=urn:contentItem:6BM8-6BS1-DYRY-X02V-00000-00&context=1519360&sourcegroupingtype=G,Volkskrant 2022-2024 201-500.XLSX,Volkskrant,2024-03,2477
Ook personage Elliott Page wordt transgender,2022-03-30,International,De Telegraaf.nl,News,323,ENTERTAINMENT; STERREN; ENTERTAINMENT,323,"Netherlands, Kingdom of the",,,,,Ook personage Elliott Page wordt transgender,"Ook personage Elliott Page wordt transgender Het personage dat Elliott Page in The Umbrella Academy  speelt, wordt in het derde seizoen van de Netflix -serie een transgender-personage. Page speelde in de eerste tweede seizoenen de rol van cisgender vrouw Vanya Hargreeves, maar in het aankomende seizoen verandert het personage naar Viktor Hargreeves en zullen de voornaamwoorden hij/hem/zijn gebruikt worden.",De Telegraaf.nl,Web Publicatie,,,,,https://advance.lexis.com/api/document?collection=news&id=urn:contentItem:653X-YVW1-DY4K-S517-00000-00&context=1519360&sourcegroupingtype=G,Telegraaf 2022-2024 hele sample.XLSX,Telegraaf,2022-03,1242
UIT IN,2019-03-16,International,de Volkskrant,News,1820,"Magazine Rubrieken;Blz. 68, 69",1820,"Netherlands, Kingdom of the","BOR BEEKMAN, RIJK VAN DEN BROEK, ROBERT VAN GIJSSEL, MARK MOORMAN, RUTGER PONTZEN, JUUL VAN STOKKOM, HERIEN WENSINK",,,,UIT IN,"UIT IN FILM Nu in de bioscoop De Franse psychodramakoningin Claire Denis levert op 72-jarige leeftijd haar hoogst originele Engelstalige debuut, met Robert Pattinson als eenzame crimineel/astronaut met baby in een uit de hand gelopen ruimtevaartonderzoek naar zwarte gaten. High Life is zowel een fijnbesnaard vader-dochterdrama als een verrukkelijk verwrongen zoektocht naar de essentie van seksualiteit, voortplanting en, zoals dat hoort en mag in dit type filosofische sciencefiction, de zin van het bestaan. Nu in de bioscoop In het rijke Westen heet het internetfraude, in Ghana is deze vorm van oplichting eerder een creatieve bezigheid voor verder werkloze jongeren. In de documentaire Sakawa van Ben Asamoah, een jonge Belgische filmer met Ghanese roots, zien we ervaren en beginnende criminelen ('Hoeveel zal ik vragen? '50 dollar' 'Zo veel?') die hun rijke cliënten in Engeland of Amerika proberen over te halen geld te storten voor 'leuke meisjes'. Jongens die een hoge stem kunnen opzetten bellen zelfs uitgebreid met hun cliënten, die hen maar al te graag geloven. LAATSTE KANS",de Volkskrant,Krant,,,,,https://advance.lexis.com/api/document?collection=news&id=urn:contentItem:5VN5-K5M1-JC8X-61G4-00000-00&context=1519360&sourcegroupingtype=G,Volkskrant 2019-2021 hele sample.XLSX,Volkskrant,2019-03,887
Verruiming Transgenderwet stuit opeens op diverse bezwaren,2022-09-27,International,AD/Algemeen Dagblad,News,913,Landelijk;Blz. 5,913,"Netherlands, Kingdom of the",ELLEN VAN GAALENNIELS KLAASSEN,,,,Verruiming Transgenderwet stuit opeens op diverse bezwaren,"Verruiming Transgenderwet stuit opeens op diverse bezwaren Onder een flink aantal Tweede Kamerleden heerst ongemak over de wetswijziging die geslachtsverandering in het paspoort makkelijker maakt. Een politieke meerderheid voor verruiming van de transgenderregels is uiterst onzeker. Tweede Kamer Roep om meer onderzoek na spookverhalen en kritiek op 'aanzuigende werking' Met een aanpassing van de Transgenderwet denkt het kabinet een belangrijke horde weg te kunnen nemen voor jongeren en volwassenen die zelf hun geslacht in hun paspoort willen wijzigen. Als dat doorgaat, kan iedere 16-plusser straks bij de gemeente aangeven man of vrouw te zijn. Nu is voor de geslachtsverandering in het paspoort nog een aparte verklaring nodig van de arts.",AD/Algemeen Dagblad,Krant,,,,,https://advance.lexis.com/api/document?collection=news&id=urn:contentItem:66GF-YJM1-JC8X-6187-00000-00&context=1519360&sourcegroupingtype=G,AD 2022-2023 hele sample.XLSX,Algemeen Dagblad,2022-09,158
Gedenkdag: ‘We eren de mensen die vermoord zijn puur omdat ze transgender zijn’,2019-11-21,International,AD/Algemeen Dagblad.nl,News,26,,26,"Netherlands, Kingdom of the",Video: Perry Hokke,,,,Gedenkdag: ‘We eren de mensen die vermoord zijn puur omdat ze transgender zijn’,Gedenkdag: ‘We eren de mensen die vermoord zijn puur omdat ze transgender zijn’ Transgenders die slachtoffer zijn geworden van mishandeling en bedreiging werden gisteren tijdens een speciale gedenkdag bij het COC in Den Haag herdacht.,AD/Algemeen Dagblad.nl,Web Publicatie,,,,,https://advance.lexis.com/api/document?collection=news&id=urn:contentItem:5XJK-W291-DY0X-90GG-00000-00&context=1519360&sourcegroupingtype=G,AD 2019-2021 hele sample.XLSX,Algemeen Dagblad,2019-11,512
Algerijnse bokser Imane Khelif boekt binnen 45 seconden overwinning tegen Italiaanse tegenstander,2024-08-01,International,NRC.nl,News,327,,327,"Netherlands, Kingdom of the",Dorine Booij,,,,Algerijnse bokser Imane Khelif boekt binnen 45 seconden overwinning tegen Italiaanse tegenstander,"Algerijnse bokser Imane Khelif boekt binnen 45 seconden overwinning tegen Italiaanse tegenstander In de lichtste vrouwenklasse boksen (66 kilogram) won de Algerijnse Imane Khelif donderdag na 46 seconden van de Italiaanse Angela Carini. Na twee rake stoten van Khelif stopte Carini om pijn in haar neus. Het was „geen eerlijk gevecht”, beklaagde ze zich toen ze zich terugtrok uit de wedstrijd.Carini zei na de wedstrijd tegen het Italiaanse sportblad La Gazzetta dello Sport dat ze „geen oordeel” wil vellen over de deelname van Khelif aan de competitie. Toch kreeg Carini’s aanvankelijke uitspraak bijval van de Italiaanse premier Georgia Meloni, die het „geen gelijke strijd” noemde. Sporters met „mannelijke genetische kenmerken” zouden volgens de premier niet moeten worden toegelaten tot vrouwencompetities.In aanloop van de wedstrijd ging het al veel over Khelif. Vorig jaar bij het WK werd ze gediskwalificeerd omdat haar testosteronspiegel „te hoog” was voor de vrouwenpoule. Ook de Taiwanese Lin Yu-ting, uit dezelfde gewichtsklasse, mocht toen niet meedoen. Een hoge natuurlijke testosteronspiegel komt vaker voor bij vrouwen, bijvoorbeeld in het geval van genetische afwijkingen. De boksers ontvingen met name kritiek van mensen die transgendervrouwen willen weren uit de competitie – al zijn geen van de twee boksers transgender.",NRC.nl,Web Publication,,,,,https://advance.lexis.com/api/document?collection=news&id=urn:contentItem:6CM9-6CC1-DY4K-8149-00000-00&context=1519360&sourcegroupingtype=G,NRC 2022-2024 hele sample.XLSX,NRC,2024-08,2075
Oorlogstijd,2023-11-04,International,de Volkskrant,News,468,Boeken en Wetenschap;Blz. 16,468,"Netherlands, Kingdom of the",PATRICK VAN IJZENDOORN,,,,Oorlogstijd,"Oorlogstijd J.K. Rowling gaat het debat ook nu niet uit de weg. De week in boeken 'Dit is J.K. Rowling op haar best. Het roept de pure leesbaarheid van de Harry Potter-boeken in herinnering, maar dan een stuk donkerder. Dit boek heeft me door een zware tijd geholpen.' Deze ronkende woorden over The Running Grave, het jongste boek dat Rowling onder haar schrijversnaam Robert Galbraith heeft gepubliceerd, zijn afkomstig van Stephen King. De Amerikaanse schrijver deelde deze lof met zijn ruim vier miljoen volgers op X, beter bekend als Twitter .",de Volkskrant,Krant,,,,,https://advance.lexis.com/api/document?collection=news&id=urn:contentItem:69JD-90N1-DYRY-X51H-00000-00&context=1519360&sourcegroupingtype=G,Volkskrant 2022-2024 201-500.XLSX,Volkskrant,2023-11,2426
"Spaans parlement stemt in met menstruatieverlof, nieuwe genderwet en uitbreiding abortusrecht",2023-02-16,International,De Volkskrant.nl,News,614,,614,"Netherlands, Kingdom of the",Hessel von Piekartz,,,,"Spaans parlement stemt in met menstruatieverlof, nieuwe genderwet en uitbreiding abortusrecht","Spaans parlement stemt in met menstruatieverlof, nieuwe genderwet en uitbreiding abortusrecht Spanjaarden van 16 jaar en ouder mogen binnenkort zelf bepalen met welk gender ze door het leven gaan en Spanje wordt het eerste land in Europa met menstruatieverlof. Ook breidt de regering het abortusrecht verder uit.",De Volkskrant.nl,Web Publicatie,,,,,https://advance.lexis.com/api/document?collection=news&id=urn:contentItem:67JV-SJ91-JBHV-K3R1-00000-00&context=1519360&sourcegroupingtype=G,Volkskrant 2022-2024 201-500.XLSX,Volkskrant,2023-02,2285
Hoe kom ik van mijn bierbuik af?,2021-07-19,International,De Volkskrant.nl,News,777,,777,"Netherlands, Kingdom of the",Maartje Bakker,,,,Hoe kom ik van mijn bierbuik af?,"Hoe kom ik van mijn bierbuik af? Abdominale obesitas, Buikspieroefeningen, Cortisol... Een klein ABC van het ontstaan van de bierbuik: Waarom krijgen mannen een bierbuik? Waarom zien we zelden vrouwen met een bierbuik? En hoe zit het dan met de bierbuiken van transgender personen? Alle geheimen van de bierbuik ontsluierd, doe er uw voordeel mee!",De Volkskrant.nl,Web Publicatie,,,,,https://advance.lexis.com/api/document?collection=news&id=urn:contentItem:635T-TDG1-JBHV-K27C-00000-00&context=1519360&sourcegroupingtype=G,Volkskrant 2019-2021 hele sample.XLSX,Volkskrant,2021-07,1160
De boycot van Róisín Murphy lijkt een cynisch verdienmodel te worden,2023-09-21,International,De Volkskrant.nl,News,644,,644,"Netherlands, Kingdom of the",Robert van Gijssel,,,,De boycot van Róisín Murphy lijkt een cynisch verdienmodel te worden,"De boycot van Róisín Murphy lijkt een cynisch verdienmodel te worden Wekelijks neemt Bor Beekman, Robert van Gijssel, Joris Henquet, Merlijn Kerkhof, Anna van Leeuwen of Herien Wensink stelling in de wereld van film, ­muziek, theater of beeldende kunst.Róisín Murphy is geen specialist op het gebied van transgenderzaken. Zij heeft ook geen farmaceutische achtergrond en werkt niet in een genderkliniek. Nee hoor: Róisín Murphy is een popzangeres. En een goede ook, met fans en volgers over de hele wereld.Die volgers begrepen Murphy vorige maand niet zo goed, toen zij onverhoeds toesloeg met een visie op de behandelingsmogelijkheden van jonge transgender personen.",De Volkskrant.nl,Web Publicatie,,,,,https://advance.lexis.com/api/document?collection=news&id=urn:contentItem:6973-VDS1-DY0X-94TM-00000-00&context=1519360&sourcegroupingtype=G,Volkskrant 2022-2024 201-500.XLSX,Volkskrant,2023-09,2406
Weg met het verschil tussen hij en zij,2021-12-21,International,NRC Handelsblad,News,585,OPINIE;Blz. 18,585,"Netherlands, Kingdom of the",Marc van Oostendorp,,,,Weg met het verschil tussen hij en zij,"Weg met het verschil tussen hij en zij ABSTRACT Laten we streven naar minder persoonlijke voornaamwoorden, schrijft Marc van Oostendorp. De schrijfster Sarah Meuleman is veel te voorzichtig, in haar pleidooi om vaker zij te gebruiken in plaats van hij (Hij is de standaard. Waarom?,18/12). Ze wil hij alleen vervangen in zinnen zoals ,,De lezer maakt tijd voor het boek omdat hij daar zin in heeft"". Dat zijn zinnen waarin iets algemeens gezegd wordt dat voor zowel mannen als vrouwen geldt. Je kunt je afvragen of we eigenlijk niet toe zijn aan radicaler stappen. Als we toch sleutelen, waarom dan niet meteen gaan voor een definitieve oplossing: weg met het verschil tussen hij en zij",NRC Handelsblad,Krant,,,,,https://advance.lexis.com/api/document?collection=news&id=urn:contentItem:64BV-4X51-F03R-S15F-00000-00&context=1519360&sourcegroupingtype=G,NRC 2019-2021 hele sample.XLSX,NRC,2021-12,3163
"Baard, borsthaar, babybuik: zo maak je een reis naar je gender",2023-10-24,International,NRC.nl,News,617,,617,"Netherlands, Kingdom of the",Rinskje Koelewijn,,,,"Baard, borsthaar, babybuik: zo maak je een reis naar je gender","Baard, borsthaar, babybuik: zo maak je een reis naar je gender Pieter Omtzigt wilde nog een mannetje van zijn partij naast zich om zijn verkiezingsprogramma op de tv toe te lichten. En Max Moszkowicz voelt zich weer de man nu hij androgel op zijn bovenlichaam smeert. Hoe zeiden we het ook alweer op de kleuterschool? A, B, C, ik doe niet meer mee. Dát gevoel overviel me dinsdagavond. Dan ben je dus een politicus, ga je de hele zomer zitten nadenken of je een partij begint, en zodra je denkt: ‘ik doe het’, zit Mariëlle Tweebeeke van Nieuwsuur klaar om van je te horen hoe en waarom. Voor dat hoe neem je nog eens uitgebreid de tijd, je puzzelt een lijst met kandidaten bij elkaar, en dan mag je met de top-20 daarvan aanschuiven bij Op1 om ze aan de kijker voor te stellen. Vervolgens treuzel je met je verkiezingsprogramma. Je wacht ermee tot ná het eerste verkiezingsdebat – waar je niet aan zou meedoen, maar toen toch maar wel. En toen was het er op dinsdag, en dan moet ik zeker naar Khalid & Sophie kijken om hem te horen vertellen wat erin staat?",NRC.nl,Web Publication,,,,,https://advance.lexis.com/api/document?collection=news&id=urn:contentItem:69G6-79H1-JBNH-J16D-00000-00&context=1519360&sourcegroupingtype=G,NRC 2022-2024 hele sample.XLSX,NRC,2023-10,1948
Turner Prize gewonnen door 66-jarige beeldhouwer Veronica Ryan,2022-07-12,International,NRC.nl,News,494,,494,"Netherlands, Kingdom of the",Toef Jaeger,,,,Turner Prize gewonnen door 66-jarige beeldhouwer Veronica Ryan,"Turner Prize gewonnen door 66-jarige beeldhouwer Veronica Ryan Veronica Ryan is de oudste Turner Prizewinnaar ooit. De jury prijst haar om de manier waarop ze het persoonlijke op een poëtische manier weet vorm te geven. De Turner Prize, de roemruchte Britse beeldende kunstprijs, gaat dit jaar naar Veronica Ryan (1956). Dat werd woensdagavond in een live uitzending op BBC Four bekendgemaakt. De Britse beeldhouwer is de oudste kunstenaar ooit die de Turner Prize ontving. In haar installaties verwerkt ze onder meer familiegeschiedenissen, jeugd en healing in beelden en installaties. De jury prees haar om de manier waarop ze het persoonlijke en het poëtische mengt.",NRC.nl,Web Publication,,,,,https://advance.lexis.com/api/document?collection=news&id=urn:contentItem:671R-G8S1-JBNH-J2TP-00000-00&context=1519360&sourcegroupingtype=G,NRC 2022-2024 hele sample.XLSX,NRC,2022-07,1795
"Paul werd Marlies. ‘Ik hou nog steeds van voetbal, van motoren en van Marian’",2021-04-10,International,AD/Algemeen Dagblad.nl,News,1202,,1202,"Netherlands, Kingdom of the",Redactie,,,,"Paul werd Marlies. ‘Ik hou nog steeds van voetbal, van motoren en van Marian’","Paul werd Marlies. ‘Ik hou nog steeds van voetbal, van motoren en van Marian’ Het is precies tien jaar geleden dat Paul tegen zijn echtgenote Marian zei: ,,Zo kan ik niet verder. Ik wil als vrouw leven.” Nu is hij een zij en heet Marlies. Deze maand kwam een boek uit over de moeilijke jaren die achter hen liggen. Marian krijgt daarin nadrukkelijk de ruimte. Marian: ,,Meestal staat de transgender centraal. Marlies vond het belangrijk dat mijn stem gehoord werd, als partner van.” Ze oogt sportief maar toch elegant. Een hoogblonde, halflange coupe. ,,Mijn eigen kleur”, zegt Marlies trots. Ze is zorgvuldig, maar ingetogen opgemaakt. ,,Zo ben ik. Ik hoef niet op te vallen.” Paul de Koster, zoals Marlies in een vorig leven heette, groeide op in een streng katholiek milieu. ,,Over seks werd bij ons thuis niet gesproken.” Laat staan over de wens vrouw te zijn, terwijl je als man geboren bent.",AD/Algemeen Dagblad.nl,Web Publicatie,,,,,https://advance.lexis.com/api/document?collection=news&id=urn:contentItem:62D8-FVX1-JBHV-K192-00000-00&context=1519360&sourcegroupingtype=G,AD 2019-2021 hele sample.XLSX,Algemeen Dagblad,2021-04,714
"We vieren Pride, maar wat doet de overheid om lhbti'ers te beschermen?",2024-08-02,International,de Volkskrant,News,650,Opinie;Blz. 20,650,"Netherlands, Kingdom of the","ASTRID OOSENBRUG, PHILIP TIJSMA",,,,"We vieren Pride, maar wat doet de overheid om lhbti'ers te beschermen?","We vieren Pride, maar wat doet de overheid om lhbti'ers te beschermen? De regenbooggemeenschap ziet haar veiligheid en acceptatie door anderen in rap tempo afnemen. Deze ontwikkeling staat niet op zichzelf. COC Nederland en tien andere organisaties roepen op tot steviger maatregelen. discriminatie Zaterdag is het Pride in Amsterdam. De boodschap van tientallen feestelijke boten op de grachten en honderdduizenden bezoekers langs de kant is glashelder: je mag trots zijn op wie je bent en iedereen moet veilig zichzelf kunnen zijn.",de Volkskrant,Krant,,,,,https://advance.lexis.com/api/document?collection=news&id=urn:contentItem:6CMB-4X11-DYRY-X4FV-00000-00&context=1519360&sourcegroupingtype=G,Volkskrant 2022-2024 201-500.XLSX,Volkskrant,2024-08,2566
Transgenderstel verlaat flat in Heerlen na pesterijen en mishandeling,2019-07-31,International,AD/Algemeen Dagblad.nl,News,619,,619,"Netherlands, Kingdom of the",Frank Benneker,,,,Transgenderstel verlaat flat in Heerlen na pesterijen en mishandeling,"Transgenderstel verlaat flat in Heerlen na pesterijen en mishandeling Een transgenderkoppel uit Heerlen gaat verhuizen, omdat de twee geregeld lastiggevallen en uitgescholden worden door hangjongeren bij hun flat. Een van de vrouwen werd vorig jaar twee keer mishandeld door een van de jongeren. Na bemiddeling door waarnemend burgemeester Emile Roemer en de politie heeft woningcorporatie Weller Kristiana Moretti en Arianne Brink een nieuwe flat aangeboden. Het koppel trekt per augustus in het nieuwe huis.",AD/Algemeen Dagblad.nl,Web Publicatie,,,,,https://advance.lexis.com/api/document?collection=news&id=urn:contentItem:5WPF-RYF1-DY0X-93S9-00000-00&context=1519360&sourcegroupingtype=G,AD 2019-2021 hele sample.XLSX,Algemeen Dagblad,2019-07,473
Bierreus betreurt ’verdeeldheid’ in VS na ophef online reclame transgender,2023-04-15,International,De Telegraaf.nl,News,336,DFT; FRONTPAGE,336,"Netherlands, Kingdom of the",,,,,Bierreus betreurt ’verdeeldheid’ in VS na ophef online reclame transgender,"Bierreus betreurt ’verdeeldheid’ in VS na ophef online reclame transgender Bierconcern Anheuser-Busch heeft naar eigen zeggen nooit onderdeel willen zijn van een „debat dat Amerikanen verdeelt.” De brouwer van Budweiser-bier reageert daarmee op de ophef die enkele weken geleden ontstond bij conservatieve Amerikanen over de samenwerking met een transgender influencer, Dylan Mulvaney. In zijn statement ging topman Brendan Whitworth niet in op de anti-transbeweging die zich tegen zijn bedrijf keerde en noemde de naam van de onlinebekendheid niet.",De Telegraaf.nl,Web Publicatie,,,,,https://advance.lexis.com/api/document?collection=news&id=urn:contentItem:6816-J8N1-DY4K-S4H3-00000-00&context=1519360&sourcegroupingtype=G,Telegraaf 2022-2024 hele sample.XLSX,Telegraaf,2023-04,1393
UCI verbiedt Britse transgender deelname aan nationaal kampioenschap baanwielrennen,2022-03-31,International,De Telegraaf.nl,News,244,TELESPORT; WIELERSPORT; TELESPORT; FRONTPAGE,244,"Netherlands, Kingdom of the",,,,,UCI verbiedt Britse transgender deelname aan nationaal kampioenschap baanwielrennen,UCI verbiedt Britse transgender deelname aan nationaal kampioenschap baanwielrennen De deelname van de transgender wielrenster Emily Bridges aan het Britse kampioenschap op het baanonderdeel omnium is geblokkeerd door de internationale wielrenunie UCI.,De Telegraaf.nl,Web Publicatie,,,,,https://advance.lexis.com/api/document?collection=news&id=urn:contentItem:6545-JBJ1-DY4K-S3MR-00000-00&context=1519360&sourcegroupingtype=G,Telegraaf 2022-2024 hele sample.XLSX,Telegraaf,2022-03,1243
Saamhorigheid op liedjesfestijn was ver te zoeken,2024-05-13,International,AD/Algemeen Dagblad,News,612,Landelijk;Blz. 4,612,"Netherlands, Kingdom of the",ALEXANDER VAN EENENNAAM,,,,Saamhorigheid op liedjesfestijn was ver te zoeken,"Saamhorigheid op liedjesfestijn was ver te zoeken Met de eerste non-binaire, Zwitserse winnaar uit de geschiedenis, een gediskwalificeerde finalist en een uitgejouwde organisator werd het Eurovisie Songfestival in Malmö om meerdere redenen een historische editie. Nemo Mettler (24, foto) was zaterdag in de nacht te perplex om het te bevatten. Die had niet alleen het Kroatische Baby Lasagna, maar ook de bookmakers verslagen. In tegenstelling tot normaal zaten de wedkantoren er dit jaar naast bij het voorspellen van de winnaar. Nemo won na een record-score bij de vakjury's (365 punten) en de vijfde plaats bij de tv-kijkers (226) en was zo uitzinnig dat die bij het vieren op het podium per ongeluk de glazen trofee én daarbij de rechterduim brak. ,,Ik heb de code gebroken, maar ook de trofee'', maakte Nemo een kwinkslag naar zijn winnende lied, The Code. Dat gaat over de zoektocht naar identiteit, aangezien Nemo zich man noch vrouw voelt. De code werd gekraakt, toen Nemo uitvond non-binair te zijn. Met dat zeer persoonlijke verhaal en een knap gezongen lied dat vooral door de experts in de jury's zeer werd gewaardeerd, won die in Malmö de hoofdprijs. ,,Het liedje bevat mijn leven, nu verandert het mijn leven'', zo vatte Nemo het kernachtig samen.",AD/Algemeen Dagblad,Krant,,,,,https://advance.lexis.com/api/document?collection=news&id=urn:contentItem:6C14-MMH1-JC8X-616F-00000-00&context=1519360&sourcegroupingtype=G,AD 2024 hele sample.XLSX,Algemeen Dagblad,2024-05,2195
De witte stadsmarinier tegen racisme van Rotterdam,2021-03-11,International,NRC.nl,News,1954,,1954,"Netherlands, Kingdom of the","Eppo König, Marko de Haan",,,,De witte stadsmarinier tegen racisme van Rotterdam,"De witte stadsmarinier tegen racisme van Rotterdam Marcel Dela Haije is de eerste Rotterdamse stadsmarinier die racisme moet bestrijden. Hij heeft zichzelf nooit gediscrimineerd gevoeld – wel anders vanwege zijn zachte ‘G’. De nieuwe stadsmarinier tegen racisme en discriminatie is een witte heteroman van 51 jaar, met een koophuis en zo’n 25 jaar een vaste baan als ambtenaar. Van zijn „privilege” is Marcel Dela Haije (Heerlen, 1969) zich goed bewust, zegt hij. „Het nadeel is dat je heel lang in deze stad kan rondlopen en denken: nou, het gaat eigenlijk wel goed hier. Er is niet zoveel aan de hand.” Voor zijn nieuwe functie heeft hij ruim honderd mensen gesproken die de pijn van racisme en discriminatie wel kennen. „En ik heb heel veel gelezen, ik ben naar mezelf gaan kijken”, zegt hij. „Dan zie je opeens een heel andere stad.” Rotterdam heeft al sinds 2002 stadsmariniers voor hardnekkige veiligheidsproblemen. Het zijn een soort ‘superambtenaren’ die onder het college van burgemeester en wethouders vallen.",NRC.nl,Web Publication,,,,,https://advance.lexis.com/api/document?collection=news&id=urn:contentItem:6264-1GN1-DY4K-81KF-00000-00&context=1519360&sourcegroupingtype=G,NRC 2019-2021 hele sample.XLSX,NRC,2021-03,2955
Bekommer en kwel,2021-04-02,International,de Volkskrant,News,1768,"V;Blz. 8, 9",1768,"Netherlands, Kingdom of the",GIDI HEESAKKERS,,,,Bekommer en kwel,"Bekommer en kwel Het leven heeft weinig nodig om satire te worden, vindt tv-maker Niek Barendsen (56). In de sketchserie Nieuw zeer maakt hij grappen over modern ongemak: populisme, seksisme, het klimaatdebat, woke zijn. Media - Interview Niek Barendsen Elke dag heeft Niek Barendsen (56) wel een idee voor een nieuwe Nieuw zeer-scène. Hij is de bedenker, schrijver en regisseur van de NTR-sketchserie 'over de hete hangijzers van nu waar veel over gepraat en geschreeuwd wordt, maar te weinig om wordt gelachen'. Net nog, bij het stoplicht, schoot hem een typische Katja-situatie te binnen - ruziezoeker Katja is een van de vele dwarse, nogal intense vrouwen die Ilse Warringa in Nieuw zeer speelt.",de Volkskrant,Krant,,,,,https://advance.lexis.com/api/document?collection=news&id=urn:contentItem:62BK-NBC1-DYRY-X2DT-00000-00&context=1519360&sourcegroupingtype=G,Volkskrant 2019-2021 hele sample.XLSX,Volkskrant,2021-04,1099
No Headline In Original,2021-11-20,International,NRC,News,762,OPINIE & DEBAT;Blz. 10,762,"Netherlands, Kingdom of the",Bertine van Brakel E.J. van Ginkel Loek Nederstigt,,,,,"Gender Het artikel over de stand van zaken in de wetenschap over gender is een welkome oase van reflectie binnen het verhitte debat over dit onderwerp (Een gender bevestigd, 13/11). Dat verschillende disciplines vanuit hun eigen expertise een wetenschappelijke invulling aan het fenomeen gender proberen te geven is bemoedigend, al zal geen enkele monodisciplinaire theorie een volledig bevredigend antwoord kunnen geven. Zo verklaart Judith Butler mijn gender, maar niet mijn dysforie. Is dat erg? Nee. Zolang we maar toestaan dat verschillende theorieën naast elkaar mogen bestaan en niet tegen elkaar worden uitgespeeld, iets wat ik op dit moment in het vergiftigde Angelsaksische genderdebat zie gebeuren. Dat debat is contraproductief en biedt tegenstanders handvatten om de hulp aan transgenders te dwarsbomen. Denk hierbij bijvoorbeeld aan het stopzetten van de behandeling met puberteitsremmers in het Verenigd Koninkrijk en Zweden. Wensing-Kruger noemt dat in het artikel terecht een zorgelijke ontwikkeling. Dat moeten we niet laten gebeuren. Ik roep daarom de Nederlandse universiteiten op het voortouw te nemen in het initiëren van een multidisciplinaire samenwerking die op een stimulerende en productieve manier bijdraagt aan een beter begrip en brede maatschappelijke acceptatie van het fenomeen gender. Dat vergt grensoverschrijdend denken - springen over de eigen academische schaduw. Het VUmc heeft al in 1972 laten zien dat het kan. En wat het oplevert. Wie durft? Bertine van Brakel",NRC,Krant,,,,,https://advance.lexis.com/api/document?collection=news&id=urn:contentItem:6445-DJT1-F03R-S54B-00000-00&context=1519360&sourcegroupingtype=G,NRC 2019-2021 hele sample.XLSX,NRC,2021-11,3135
